<keymap version="1" name="Dario config" parent="Default for XWin">
  <action id="CloseAllEditors">
    <keyboard-shortcut first-keystroke="ctrl alt w" />
  </action>
  <action id="CloseContent">
    <keyboard-shortcut first-keystroke="ctrl w" />
  </action>
  <action id="CommentByBlockComment">
    <keyboard-shortcut first-keystroke="ctrl alt #10000a7" />
  </action>
  <action id="CommentByLineComment">
    <keyboard-shortcut first-keystroke="ctrl #10000a7" />
  </action>
  <action id="EditorSelectWord" />
</keymap>